participant_id,chain_type,chain_cause,chain_simple,chain_fault,chain_punishment,age,race,gender,ethnicity
P1764292941110_5466,accidental,Andy,Andy,Andy,This situation is an accident so I don't think either of them should be punished.,35,Asian,Male,Non-Hispanic
P1764293069020_9314,accidental,Andy as he ran into Suzy and caused it to break,Andy as he ran into suzy,Andy as his bike caused him to hit Suzy and made her break the fence,"Neither as although it was Andy's fault, it was due to his bike having a problem",29,Asian,Male,Non-Hispanic
P1764293023420_9142,intentional,Andy when he pushed the bike into the girl causing it to break.,Andy,Andy,Yes Andy for hitting her with the bike and causing the fence to break.,60,White,Male,Hispanic
P1764292985281_2282,intentional,Andy,Andy,Andy's fault,Andy should be punished,53,White,Male,Non-Hispanic
P1764293072365_4723,accidental,Andy caused the fence to break.,Andy did.,"I guess both of them are sort of at fault. Andy for not paying closer attention to the fence and Suzy. And Suzy for not getting out of the way. However, I think Andy is most at fault because Suzy is technically a pedestrian in this situation and Andy is running a machine (aka bike).",No one should be punished because it seems accidentally and not intentional.,30,White,Female,Non-Hispanic
P1764293088539_9758,intentional,Andy running into Suzy,Suzy,Andy,Andy should be punished,45,Black/African American,Female,Non-Hispanic
P1764293201797_7692,accidental,"Suzy, but not her fault.",Andy,Andy,"No, this was an accident. Andy's chain broke and Suzy got sent into a fence, It happens.",44,White,Female,Non-Hispanic
P1764293174959_6347,accidental,"it all started with andy's bike slipping causing susy to move back and break the fence, ultimately susy broke the fence.",susy broke the fence by trying to move away from andy's bike.,"Andy's chain slipped while on his bike causing susy to move back and hit the fence, it all started with andy so it could be Andy's fault.","Andy started these chain of events, the fault must be of him and his bike which caused susy to move back and break the fence.",40,White,Male,Hispanic
P1764293232164_806,accidental,Andy knocked Suzy into the fence after his bike chain broke. It was unavoidable. ,Andy knocked Suzy into the fence by accident.,It was an accident caused by the broken bike chain.,They sould not be punished because it was an accident. They need to notify the owner of the fence that it is broken.,55,Black/African American,Female,Non-Hispanic
P1764293237799_9372,intentional,"Andy, the boy in the bike","The girl, accidently ",The boy is at fault,The boy should be punished,32,White,Female,Hispanic
P1764293229437_3511,accidental,"The fence broke because Suzy fell into it after being accidentally hit by Andy, who was on a bicycle that suddenly broke.",Suzy technically broke the fence but only because Andy's broken bike hit her and pushed her into the fence.,It is really no one's fault that the fence broke. It was simply an accident.,No one should be punished. This was an accident that could not be helped.,72,White,Female,Non-Hispanic
P1764293344303_6383,intentional,Andy as he caused Suzy to fall,Andy broke the fence. Suzy wouldn't have fallen without his involvement,Andy is solely at fault,Andy as he intentionally hit Suzy with his bicycle,40,White,Male,Hispanic
P1764293576358_7997,accidental,Andy,Kid on the bike,The boy on the bike,"Nah, nobody got hurt, and that is the most important thing to me.  If anything, the boy could do some chores for the owner of the fence perhaps.  Do some errands an offer to repair the fence he caused to break",45,White,Male,Non-Hispanic
P1764293670013_2794,intentional,Andy caused it to break. ,Andy broke the fence because he pushed Susie into it. ,It is Andy's fault. He ran into Susie. ,Andy should be punished. ,31,White,Male,Non-Hispanic
P1764293712951_6390,accidental,the bike failed and caused the accident,The bike failed and caused the accident that broke the fence,The bike,What happened with the bike and fence was an accident. The bike had a mechanical failure and isn't the fault of either children.,45,White,Female,Non-Hispanic
P1764293826648_4940,intentional,Suzy,Suzy.,Andy,Andy.,43,White,Female,Non-Hispanic
P1764294015722_9982,intentional,Andy caused the fence to break by running into Suzy.,Andy broke the fence.,Andy's fault for running into Suzy.,Andy should be punished.,30,Asian,Female,Non-Hispanic
P1764294044879_2764,accidental,Andy,Andy,Andy,Andy,53,White,Male,Non-Hispanic
P1764294119761_9849,intentional,NA,Suzie did because of her action,Suzie,no,27,White,Male,Hispanic
P1764294084640_9240,accidental,andy and suzy,suzy and andy,no one it was an accident,no it was an accident,42,White,Female,Non-Hispanic
P1764294148715_4856,intentional,Andy,Andy,Andy,Andy,52,White,Female,Non-Hispanic
P1764294190952_3606,accidental,kid riding the bike,Suzy,kid riding the bike,no one should be punished,38,White,Male,Non-Hispanic
P1764294283198_9662,intentional,The boy caused the fence to break,Suzy broke the fence,It's the boy's fault that the fence broke.,The boy should be punished,43,Asian,Male,Non-Hispanic
P1764294397549_7363,accidental,I think that Andy on the bike caused the fence to break,"I think technically Andy since he hit her into the fence, but she only broke it because of the crash","No one, really. It was an accident",No. I think it was a tragic accident. No one was hurt which is great. ,25,White,Female,Non-Hispanic
P1764294457997_8905,accidental,Andy caused it to break because he was going to run over Suzy.,Suzy broke the fence ,Andys fault ,I don't think anybody should be punished because it was an accident that happened without anybody self control.,31,White,Male,Hispanic
P1764294493114_8523,accidental,Andy caused the fence to break by propelling Susie into the fence.,Andy broke the fence due to his careless riding of his bike.,It is Andy's fault.,"Andy should be punished since he is the one that caused this entire event. Although since no one got hurt, it is not a huge deal.",29,White,Female,Non-Hispanic
P1764295038355_1773,intentional,Andy,Andy,Andy,Andy,34,White,Female,Non-Hispanic
P1764295142934_316,intentional,"While Suzy's direct contact with the fence WAS the cause for the fence breaking, it was through no FAULT of her own - as this was intentionally caused by the boy on the bicycle.","Suzy did indeed physically break the fence, as she was the only one to come into contact with it, but she is not to blame for the fence being broken, as this was intentionally caused by the boy on the bicycle. So, yes, she broke it; but she is not at fault.",The boy on the bicycle is 100% at fault for causing the fence to be broken.,The boy on the bicycle should definitely be punished for his actions.,37,White,Male,Non-Hispanic
P1764295255649_1758,intentional,Andy,Andy,Andy,"Yes, Andy",47,White,Female,Non-Hispanic
P1764295246501_5445,accidental,Suzy,Suzy,The bikes fault . It broke. If someone had to be at fault then it would be the owner of the bike. ,no one,47,White,Female,Non-Hispanic
P1764295463299_3717,intentional,Andy did.,Suzy did,It is Andy's.,Andy should be punished.,28,White,Female,Non-Hispanic
P1764295555839_9392,accidental,"It was Suzy, on a technical level since she was the thing that broke it.
","Suzy, since her landing on the fence broke it.","Andy's fault, since he caused the accident to happen in the first place by hitting Suzy.",Andy should be punished because he caused the accident to happen in the first place.,22,Asian,Male,Non-Hispanic
P1764295625913_6802,intentional,Andy,Andy ran into Suzy so she would hit the fence and break it.,Andy,Andy,39,White,Female,Non-Hispanic
P1764295751566_3898,intentional,Susie caused the fence to break when she was pushed into it,Andy,It was Andy's fault,"Yes, Andy should be punished",38,Black/African American,Male,Non-Hispanic
P1764296333554_8290,intentional,Susie caused the fence to break but it wasn't her fault.,Susie broke the fence but it's Andy's fault.,Andy's fault since he purposefully hit Susie so she falls into it.,"Andy should be punished because he could have seriously injured Susie. Not only that, but this is not acceptable behavior for a child.",33,White,Male,Non-Hispanic
P1764296929459_6988,accidental,andy,the girl,andy,Andy,29,White,Male,Non-Hispanic
P1764297225259_3052,accidental,Suzy accidentally broke it but I wouldnt say it was her fault,"As stated, it was an accident, so its hard to assign blame, but perhaps Andy should have been more careful so his chain wouldn't break but how would he know ?",It was an accident really so it wasn't anyone's fault to be honest.,Suzy accidentally broke the fence trying to avoid Andy on his bike who came lunging toward her after his chain broke,42,White,Male,Hispanic
P1764297177719_5746,intentional,Suzy running into the fence made the fence break.,Andy broke the fence when he hit Suzy.,It is mostly Andy fault that the fence broke.,Andy should be punished.,37,Black/African American,Male,Non-Hispanic
P1764297854114_3197,intentional,Andy,Andy,Andy,Andy,63,White,Male,Hispanic
P1764300493356_5157,intentional,A child named Andy that doesn't get discipline at home.,Andy,Andy,Andy,44,Asian,Male,
